{
    "Unknown": 37.37869822485207,
    "abk": 37.052236056877625,
    "ace": 36.137134986225895,
    "ady": 32.382820512820516
}