{
    "deu": 4092.2633271860223,
    "Unknown": 32.71844974330949,
    "ady": 570.8443848966606,
    "ace": 774.8463306689384,
    "abk": 706.4454592748901,
    "hun": 4129.037169324744
}