{
    "deu": 0.5667111431744482,
    "Unknown": 0.0,
    "ady": 0.3502994011976048,
    "ace": 0.5344408427876823,
    "abk": 0.15965238981998758,
    "hun": 0.6570515778547851
}