{
    "Unknown": 61.0,
    "abk": 533.0698529411765,
    "ace": 1050.901098901099,
    "ady": 1474.6666666666667,
    "hun": 3789.29059240307
}