{
    "deu": 5.398670225454856,
    "Unknown": 3.795088586397733,
    "ady": 6.072330492217612,
    "ace": 5.435826220548133,
    "abk": 5.854611654402207,
    "hun": 5.552100628616036
}