{
    "deu": 19647207775.0,
    "Unknown": 0,
    "ady": 492335.12809977646,
    "ace": 9860955.617250303,
    "abk": 4318966.312085767,
    "hun": 3249454859.315049
}