{
    "deu": 1632.0,
    "Unknown": 32.71844974330949,
    "ady": 208.92925782084157,
    "ace": 562.1311689576651,
    "abk": 258.19435213789706,
    "hun": 1646.2145236682018
}