	feature	weigth
0	Population Size	1.5004756124121446
1	Digital Support	-0.49297292603820264
2	tatoeba_sentences	1.4033160869074996
3	is_macrolanguage	1.9316216560524553
4	intercept	-1.7328191653770373
