{
    "deu": 4157.484884940905,
    "Unknown": 1298.330203289527,
    "ann": 1516.7147731933603,
    "atj": 652.7266448641674,
    "ady": 711.6824809082915,
    "arc": 235.50602119934862,
    "ami": 3930.095882866406,
    "anp": 1617.9695134028825,
    "awa": 832.7671563739314,
    "alt": 5784.285281674014,
    "aym": 1765.4822152039708,
    "ang": 701.0830159764544,
    "bbc": 5807.895747154175,
    "ace": 779.8363060144138,
    "bdr": 573.0985638504314,
    "abk": 738.2502981367767,
    "ava": 1817.4418593345197,
    "bew": 1002.004504999184,
    "bis": 385.1951664311557,
    "amh": 540.0010216411702,
    "blk": 3578.2179272052485,
    "bjn": 1459.9042033322135,
    "avk": 2189.5912331342806,
    "bam": 619.0925148792508,
    "ary": 826.0997130233081,
    "bcl": 2998.6514578298884,
    "btm": 1641.3290653987876,
    "bar": 1793.4150537475814,
    "ban": 3221.710397220895,
    "bug": 492.91507433807743,
    "bxr": 1956.6341685784912,
    "bpy": 1315.442173150689,
    "bod": 3845.9773874332122,
    "chr": 372.3123898094505,
    "cha": 467.5229938644227,
    "chy": 337.90396286933577,
    "als": 4370.759889167699,
    "cdo": 490.0874679739299,
    "cos": 1692.009256979055,
    "cre": 122.4723441101467,
    "asm": 2784.0081125363668,
    "csb": 759.5824217166185,
    "chu": 413.699013656806,
    "arg": 2026.2755580987598,
    "crh": 1212.7136712991319,
    "bre": 1506.594856035317,
    "dag": 7510.50841543347,
    "dga": 2724.089220790182,
    "din": 1015.8660101052611,
    "chv": 1830.6521692265965,
    "dsb": 1518.664619241777,
    "diq": 712.0495939666096,
    "dtp": 7101.128114589975,
    "dty": 2087.20028501851,
    "div": 1867.4938664149379,
    "dzo": 3150.5853167196165,
    "ewe": 1322.506834507008,
    "bak": 3591.3593574298834,
    "afr": 3242.390504341971,
    "ckb": 1438.1199883822449,
    "ast": 5248.441066823157,
    "bos": 3033.7651624482246,
    "ext": 1839.0643962487707,
    "azb": 1857.0831169345279,
    "fat": 2536.584309278942,
    "ful": 1785.646300844604,
    "aze": 2647.6789947638654,
    "fij": 699.9088908053419,
    "fon": 824.8202501640669,
    "fao": 1511.278348699615,
    "frp": 872.6732343960808,
    "cym": 2520.620772486678,
    "frr": 809.7487022101666,
    "fur": 1113.6274078790166,
    "fry": 2642.503936115492,
    "gag": 2195.0690907317326,
    "est": 1882.339564911517,
    "gan": 216.08700586173393,
    "gcr": 1067.020524471112,
    "bel": 1620.0589782417912,
    "gla": 1068.573424851074,
    "glk": 907.7024266063928,
    "grn": 1397.6054652451614,
    "gle": 1470.2385175170145,
    "gom": 3093.7536800831363,
    "got": 658.870707628005,
    "gor": 1338.01011328769,
    "guc": 1440.2976181527915,
    "gur": 3100.8214620744143,
    "dan": 2693.7476291369203,
    "gpe": 8575.306747166225,
    "guw": 1615.189939261494,
    "hak": 476.72723466821816,
    "glv": 2138.6647386754626,
    "haw": 1037.3653992009115,
    "guj": 2645.806849306531,
    "hif": 1529.184421101749,
    "epo": 1897.409273646059,
    "hau": 4951.154409049977,
    "bul": 2708.006837940539,
    "hsb": 1258.3380817066293,
    "ben": 2641.9582709801725,
    "hat": 1415.0261699853195,
    "eus": 2191.636593195722,
    "ina": 936.2669420011218,
    "hyw": 3418.1438644794407,
    "iba": 5451.811495617554,
    "ile": 940.8353063940467,
    "igl": 6164.283576059355,
    "che": 3032.5068192120466,
    "ipk": 297.7663895320098,
    "ilo": 1787.249869222429,
    "inh": 897.6458487007554,
    "ido": 1321.7645664375996,
    "ibo": 4852.070410215062,
    "glg": 3327.8112008178673,
    "ell": 4184.50544848279,
    "iku": 261.4589263571381,
    "jam": 796.0616997021215,
    "jbo": 1193.1306797180923,
    "isl": 1788.9792797806626,
    "kaa": 3157.6388248359785,
    "kab": 830.7540945447203,
    "hin": 2410.623480744087,
    "kbd": 1678.2401591833693,
    "kbp": 1244.653258977089,
    "jav": 1961.489673127936,
    "kcg": 1265.8159451509814,
    "kon": 729.1031387332956,
    "kge": 1271.179144195453,
    "kik": 801.8868781969122,
    "kal": 1345.7493165692617,
    "hrv": 3281.3543997458796,
    "knc": 1542.459426975367,
    "khm": 3502.7320391587423,
    "koi": 1205.6579188455955,
    "kan": 5475.072610567852,
    "arz": 963.0799820846423,
    "krc": 1474.3744541658536,
    "ksh": 989.3102755280041,
    "kus": 5096.060356963018,
    "kas": 1038.3073623847754,
    "kom": 1245.0129897503941,
    "cor": 1021.0157448007424,
    "kur": 1084.4112138404294,
    "lad": 1497.176579396174,
    "kir": 1853.917880719171,
    "lbe": 410.6488012989754,
    "fin": 3092.0216073983925,
    "lez": 2642.862139368558,
    "lfn": 2437.2148571586854,
    "lug": 2749.9538712488875,
    "ltz": 1957.9759452634355,
    "lij": 1810.912281752926,
    "ces": 3704.8927779919136,
    "kat": 2674.468036350746,
    "lin": 997.2410189707299,
    "kaz": 2340.497512153407,
    "lim": 813.6882426587321,
    "ltg": 1305.953873269578,
    "lao": 1556.563232760937,
    "mad": 2495.065545076588,
    "lat": 1494.0938047505697,
    "mdf": 2596.1908550777252,
    "mai": 2065.342770051641,
    "lmo": 878.3327719141805,
    "mhr": 1911.8539962334157,
    "mri": 1171.7587683642653,
    "lld": 1135.9761153904283,
    "cat": 3376.6512837394716,
    "mlg": 993.9746609056986,
    "mni": 666.9064555247538,
    "mnw": 5893.513943916476,
    "mos": 4538.862869148231,
    "mrj": 633.9823076873608,
    "min": 1402.7660551494362,
    "mon": 2833.1577474740884,
    "mlt": 7654.413321317199,
    "mwl": 5809.646031913013,
    "myv": 1946.6832563208486,
    "lav": 1916.2129337911636,
    "hye": 2186.000257582579,
    "nap": 1053.684465334547,
    "lit": 2021.0669029622572,
    "mzn": 798.0506451017645,
    "mar": 1301.988309227937,
    "nia": 2695.775834805734,
    "mal": 1998.5577463659706,
    "nds": 1246.2481140708758,
    "nov": 1604.2009541503855,
    "nep": 2644.9174163858474,
    "nqo": 3165.345092127477,
    "nrm": 782.5428061181252,
    "nbl": 2588.1529425589683,
    "nso": 921.4210659017932,
    "nup": 712.1691587966727,
    "mya": 1973.1541204259029,
    "nya": 2291.806114490521,
    "new": 946.4745311017442,
    "nav": 1130.0259446844218,
    "olo": 869.0663497526255,
    "orm": 2330.3386291592587,
    "oss": 900.7983815296755,
    "pag": 930.2363407386315,
    "heb": 3528.4758551896143,
    "mkd": 3787.9563517725887,
    "pap": 2353.1900746509987,
    "pam": 2042.4461706224693,
    "pcm": 2281.415991551557,
    "ori": 1990.973325486397,
    "pdc": 642.4003184647469,
    "pcd": 2161.524241199094,
    "pli": 229.75817964800495,
    "pfl": 1714.0851130872593,
    "pms": 1045.9151995787877,
    "pnt": 1208.5929054352705,
    "oci": 2475.4097192200866,
    "nno": 1853.1065435515366,
    "pwn": 2765.1550114077854,
    "pus": 3766.4660551238667,
    "rki": 4361.806357364686,
    "hun": 4246.008274616861,
    "rmy": 1056.2698736291688,
    "run": 785.249858063957,
    "roh": 5372.093436943798,
    "rsk": 4920.343543508784,
    "pan": 2690.3125739084853,
    "que": 1121.8440060126097,
    "rue": 1278.254046344882,
    "kin": 2271.156164363195,
    "pnb": 3493.742588315284,
    "sah": 1761.071984525353,
    "sat": 4053.5775860175972,
    "scn": 652.7240232765586,
    "san": 1651.791314051624,
    "srd": 2186.2962215452712,
    "sme": 733.6656721929741,
    "sag": 502.95769408513854,
    "shi": 2530.468186646977,
    "snd": 2042.098165434236,
    "sco": 2686.1945736421685,
    "shn": 1822.5072119760293,
    "msa": 3299.8047587212327,
    "skr": 3251.3332247069843,
    "ind": 2519.8882474181587,
    "smn": 3160.6478880680243,
    "smo": 1046.8481338465747,
    "sna": 729.8697655477339,
    "som": 2085.053416273954,
    "sin": 2870.2339007716664,
    "srn": 928.4019316662202,
    "sqi": 2988.445136085408,
    "ssw": 1595.7405203970734,
    "stq": 1204.500090137308,
    "sot": 1713.7437319987278,
    "sun": 1711.1176055878523,
    "slv": 3578.8703162818365,
    "slk": 3613.7098375386554,
    "syl": 616.547165285256,
    "swa": 1359.9921393496552,
    "szy": 2379.979186473318,
    "szl": 1339.4338692652232,