{
    "deu": 1666.0,
    "Unknown": 372.14721588170397,
    "ann": 850.7782989704066,
    "atj": 368.80305566100344,
    "ady": 218.54710784263443,
    "arc": 53.84709258424429,
    "ami": 859.0325544438837,
    "anp": 449.5602865909126,
    "awa": 170.6862365925809,
    "alt": 2474.569100851903,
    "aym": 1138.0645989684315,
    "ang": 163.94538918002075,
    "bbc": 957.6063105261503,
    "ace": 562.1247670485768,
    "bdr": 208.56891994762475,
    "abk": 264.3877606677456,
    "ava": 281.7282907054965,
    "bew": 554.056243086622,
    "bis": 252.4202907360903,
    "amh": 131.13499360182593,
    "blk": 2212.881823858106,
    "bjn": 583.2804300485509,
    "avk": 2073.240356477018,
    "bam": 209.61980974351013,
    "ary": 43.5526886237307,
    "bcl": 1155.3229295115136,
    "btm": 860.3261583262442,
    "bar": 706.5650723030924,
    "ban": 2834.1003169562214,
    "bug": 260.98755597523495,
    "bxr": 403.9065998706858,
    "bpy": 1316.043529324201,
    "bod": 406.88201730461356,
    "chr": 137.83907748898,
    "cha": 236.05599422742543,
    "chy": 233.88222554096382,
    "als": 2597.3676083227324,
    "cdo": 152.93190314627043,
    "cos": 542.1267004911269,
    "cre": 32.116864839781385,
    "asm": 39.156093816222175,
    "csb": 408.6088006151786,
    "chu": 103.78225325741592,
    "arg": 987.8991711842677,
    "crh": 1256.4190588871168,
    "bre": 622.1929526967615,
    "dag": 645.2409189373268,
    "dga": 1554.5176792133784,
    "din": 530.8926660223997,
    "chv": 1557.5959503552222,
    "dsb": 993.3061025871168,
    "diq": 407.4062062495267,
    "dtp": 4117.868267048883,
    "dty": 746.21210717436,
    "div": 600.9647951127629,
    "dzo": 1103.6810392657378,
    "ewe": 359.8653170299799,
    "bak": 2368.1781605588267,
    "afr": 1737.1064106291647,
    "ckb": 470.96986735978334,
    "ast": 1371.6175167887816,
    "bos": 42.93694190631467,
    "ext": 522.024317071656,
    "azb": 1459.1348015741662,
    "fat": 1549.5351386044813,
    "ful": 1225.2288600868155,
    "aze": 779.018226472389,
    "fij": 275.5712426188667,
    "fon": 748.1930843727587,
    "fao": 525.2604881699976,
    "frp": 264.1156434947085,
    "cym": 2236.10895059684,
    "frr": 358.6249825075719,
    "fur": 379.08380269316876,
    "fry": 826.0770999765033,
    "gag": 816.95374448389,
    "est": 531.9888249945521,
    "gan": 78.82598374330847,
    "gcr": 823.7893934936777,
    "bel": 51.010491320558586,
    "gla": 339.3915571778586,
    "glk": 979.6243800530247,
    "grn": 324.6918959482076,
    "gle": 503.55146418344464,
    "gom": 1729.898313987458,
    "got": 230.27521365310892,
    "gor": 1127.4294254781305,
    "guc": 664.495244270775,
    "gur": 1152.248189228417,
    "dan": 1138.052640854514,
    "gpe": 4672.012922484559,
    "guw": 988.9319126868448,
    "hak": 264.03656963780173,
    "glv": 1217.0444377286256,
    "haw": 235.33533405938948,
    "guj": 1363.3577472360855,
    "hif": 591.2457478165844,
    "epo": 1076.865144562113,
    "hau": 2756.793337499014,
    "bul": 1216.0304042116366,
    "hsb": 931.7078106232931,
    "ben": 53.23230950743467,
    "hat": 895.3236844290151,
    "eus": 680.5859121100402,
    "ina": 307.1467968911673,
    "hyw": 1824.2272614726585,
    "iba": 3439.8373382565737,
    "ile": 360.9212853767545,
    "igl": 3753.829885939923,
    "che": 2858.4440578902663,
    "ipk": 146.11983996930627,
    "ilo": 615.1606576626148,
    "inh": 36.74976909696718,
    "ido": 810.1852846876285,
    "ibo": 3228.5496265889765,
    "glg": 1112.5517989459397,
    "ell": 1612.3025919089766,
    "iku": 22.29771571961093,
    "jam": 318.2161835471781,
    "jbo": 48.265835150949954,
    "isl": 617.1250880680101,
    "kaa": 837.3638355980654,
    "kab": 252.43496695103718,
    "hin": 1083.3773314027953,
    "kbd": 1069.617797321826,
    "kbp": 1301.9771390065634,
    "jav": 1172.9215278239562,
    "kcg": 499.4768331575615,
    "kon": 183.8455351121066,
    "kge": 119.18224622901462,
    "kik": 186.99301217545548,
    "kal": 742.7332436544109,
    "hrv": 1632.9500746040942,
    "knc": 636.1609355729788,
    "khm": 942.0577948714132,
    "koi": 333.7605650088606,
    "kan": 2055.209646546438,
    "arz": 480.8889603194845,
    "krc": 131.87767891720222,
    "ksh": 518.2335761382395,
    "kus": 2697.091904799218,
    "kas": 413.6087276298305,
    "kom": 369.68295257302333,
    "cor": 500.71384375768645,
    "kur": 771.7546163257359,
    "lad": 875.4609319909671,
    "kir": 1296.5825081929606,
    "lbe": 165.41972205544326,
    "fin": 1615.136929331247,
    "lez": 1030.1465633916791,
    "lfn": 1137.9385878650405,
    "lug": 943.8890926664474,
    "ltz": 1053.8539023971143,
    "lij": 733.4770831580431,
    "ces": 1584.417011480596,
    "kat": 1362.7964970555556,
    "lin": 320.1622927115145,
    "kaz": 2235.6464673085993,
    "lim": 35.60211860740963,
    "ltg": 992.7413274568814,
    "lao": 312.6854739718275,
    "mad": 1001.1409685181377,
    "lat": 769.0500885895366,
    "mdf": 1167.0749677290958,
    "mai": 1503.2432045864605,
    "lmo": 591.6214198134315,
    "mhr": 426.94194834254773,
    "mri": 994.0605241620827,
    "lld": 1164.961386609651,
    "cat": 1180.0110080629895,
    "mlg": 542.4242182995572,
    "mni": 226.03306488700105,
    "mnw": 1325.7738188486246,
    "mos": 2699.479598705791,
    "mrj": 286.7024024716705,
    "min": 1189.7846583008568,
    "mon": 1414.0861522181683,
    "mlt": 2924.7666563245025,
    "mwl": 1508.5839913288687,
    "myv": 1431.2001982396046,
    "lav": 43.57606622157882,
    "hye": 43.813672137450396,
    "nap": 1063.8227538960837,
    "lit": 1017.784012134436,
    "mzn": 630.4298649289076,
    "mar": 277.2004955475594,
    "nia": 1253.2397706557535,
    "mal": 41.03169127050106,
    "nds": 359.70854432857715,
    "nov": 618.0913411935959,
    "nep": 1319.4901266423365,
    "nqo": 1198.1423395168651,
    "nrm": 427.59919908997995,
    "nbl": 1832.1468533796678,
    "nso": 478.8533280585605,
    "nup": 583.1868682828253,
    "mya": 1576.0109042680572,
    "nya": 673.7793367006161,
    "new": 565.1191788757254,
    "nav": 1264.9374871314844,
    "olo": 652.0324677678633,
    "orm": 786.9074920831072,
    "oss": 104.46926199245422,
    "pag": 195.49764411155485,
    "heb": 1663.6924560893985,
    "mkd": 1543.8425196075334,
    "pap": 1354.4860513054525,
    "pam": 1032.6650981655393,
    "pcm": 1628.431469055941,
    "ori": 47.62692974449672,
    "pdc": 330.26197829330687,
    "pcd": 1353.5364923558423,
    "pli": 146.00654517211092,
    "pfl": 1282.6146335591948,
    "pms": 997.6387125991921,
    "pnt": 685.0048532866865,
    "oci": 1231.9315895286752,
    "nno": 845.9053311655348,
    "pwn": 1423.8318889801772,
    "pus": 904.501863578172,
    "rki": 1948.6082728706192,
    "hun": 1685.5623207675071,
    "rmy": 279.84236876580377,
    "run": 317.13963231033006,
    "roh": 882.8258613523257,
    "rsk": 4358.491578971716,
    "pan": 1623.5544250030036,
    "que": 201.11279829436577,
    "rue": 386.9278937623612,
    "kin": 1403.2360215047654,
    "pnb": 906.1159564408073,
    "sah": 568.193455225294,
    "sat": 3158.874207228305,
    "scn": 167.67502668344866,
    "san": 222.70143302262554,
    "srd": 750.8423538201765,
    "sme": 281.2911963060192,
    "sag": 340.4270727573582,
    "shi": 3623.611437484582,
    "snd": 607.4924365126998,
    "sco": 1526.680298335205,
    "shn": 1567.4975180647934,
    "msa": 1379.647883174891,
    "skr": 1922.3585080017276,
    "ind": 577.3479305663755,
    "smn": 1978.8650772344745,
    "smo": 207.52636806567736,
    "sna": 483.88185466344765,
    "som": 573.7375753543156,
    "sin": 538.1343686052387,
    "srn": 763.4976082175773,
    "sqi": 1052.0141854615395,
    "ssw": 894.1067874793844,
    "stq": 433.83231341077834,
    "sot": 649.0003080545077,