{
    "deu": 5.4014510772874615,
    "Unknown": 5.762171490662889,
    "ann": 5.14255638384005,
    "atj": 4.78188493740518,
    "ady": 5.9934533070342555,
    "arc": 5.717722102148781,
    "ami": 4.8164781460240675,
    "anp": 6.043527359764151,
    "awa": 6.107581248069962,
    "alt": 5.926259917246546,
    "aym": 5.562514349641504,
    "ang": 5.436196969063905,
    "bbc": 4.8621764262012395,
    "ace": 5.438688150669065,
    "bdr": 5.101842894391169,
    "abk": 5.863419907435309,
    "ava": 6.07769985475129,
    "bew": 5.322911392116328,
    "bis": 5.371058786302673,
    "amh": 6.755160863963387,
    "blk": 5.969251709283093,
    "bjn": 5.139560995806101,
    "avk": 5.426878055330052,
    "bam": 5.385479914967963,
    "ary": 5.953011396144416,
    "bcl": 5.287734721057691,
    "btm": 5.079206158309666,
    "bar": 5.504156556975554,
    "ban": 5.370765828128303,
    "bug": 5.339620016489985,
    "bxr": 6.084724144028932,
    "bpy": 5.9102069027215665,
    "bod": 5.2968155096031575,
    "chr": 6.269863293557574,
    "cha": 5.308641511231318,
    "chy": 5.646665903499688,
    "als": 5.471392550983686,
    "cdo": 6.004284679963861,
    "cos": 5.131175613160142,
    "cre": 6.390883480092532,
    "asm": 6.207598225163998,
    "csb": 5.697443155423845,
    "chu": 6.401657910225452,
    "arg": 5.341858619218861,
    "crh": 4.857964923535289,
    "bre": 5.4084573066357775,
    "dag": 5.56267300401348,
    "dga": 5.384016249009213,
    "din": 5.310974595804815,
    "chv": 5.995848223989131,
    "dsb": 5.658084483000233,
    "diq": 5.581679583313081,
    "dtp": 5.3570257155047845,
    "dty": 6.112907296615886,
    "div": 5.581526815337202,
    "dzo": 5.226826904973262,
    "ewe": 5.3434340363346005,
    "bak": 5.934762821976819,
    "afr": 5.174130115236266,
    "ckb": 5.803204057255662,
    "ast": 5.257250727637936,
    "bos": 5.409383761660081,
    "ext": 5.23564545889208,
    "azb": 5.752624750673569,
    "fat": 5.186948654963854,
    "ful": 5.22850969835057,
    "aze": 5.5607989861814655,
    "fij": 4.9786347827612,
    "fon": 5.378399154748554,
    "fao": 5.522172891033469,
    "frp": 5.480890376499194,
    "cym": 5.456745736980111,
    "frr": 5.572776566267701,
    "fur": 5.229272607484638,
    "fry": 5.165554584648901,
    "gag": 5.024890143972431,
    "est": 5.300031372600596,
    "gan": 7.606134945696823,
    "gcr": 5.042206067764742,
    "bel": 5.929785275488806,
    "gla": 5.379304303572899,
    "glk": 6.02658135882208,
    "grn": 5.506390300752498,
    "gle": 5.320448702654498,
    "gom": 5.966924717617347,
    "got": 5.840669071186506,
    "gor": 4.9873725524519035,
    "guc": 4.7796478015888075,
    "gur": 5.283093886378173,
    "dan": 5.287291891507029,
    "gpe": 5.298540628617076,
    "guw": 5.330818212863089,
    "hak": 6.034876418768896,
    "glv": 5.336900378559942,
    "haw": 5.095376535574571,
    "guj": 5.974505401141053,
    "hif": 5.280441735440046,
    "epo": 5.326888954523511,
    "hau": 5.164777803999914,
    "bul": 5.823293840185463,
    "hsb": 5.658229105008605,
    "ben": 6.189634054267686,
    "hat": 5.351234630422463,
    "eus": 5.261880977140427,
    "ina": 5.152667003738948,
    "hyw": 5.998890661106599,
    "iba": 5.285506998817708,
    "ile": 5.238006051865767,
    "igl": 5.429035287650686,
    "che": 5.544225158794345,
    "ipk": 5.54488467660047,
    "ilo": 5.307844602134909,
    "inh": 5.879167363512195,
    "ido": 5.300211800439164,
    "ibo": 5.3888203472728735,
    "glg": 5.26283178304772,
    "ell": 6.093917828385269,
    "iku": 6.540543476320998,
    "jam": 5.126195051292762,
    "jbo": 4.86810434600716,
    "isl": 5.47912966067799,
    "kaa": 5.437807395755473,
    "kab": 5.327951727485715,
    "hin": 6.117518134932812,
    "kbd": 5.777072939407761,
    "kbp": 5.11736320417873,
    "jav": 5.364971445885476,
    "kcg": 5.342223412668827,
    "kon": 5.376608937175723,
    "kge": 5.891721814825335,
    "kik": 5.1127944812334105,
    "kal": 4.952502415987579,
    "hrv": 5.342076053325886,
    "knc": 5.111400852676261,
    "khm": 6.398778753351969,
    "koi": 5.874650712564845,
    "kan": 6.057943895927641,
    "arz": 5.8295226974013925,
    "krc": 5.897957573379284,
    "ksh": 5.357325309591984,
    "kus": 5.383242769708122,
    "kas": 6.177061045586854,
    "kom": 5.961302852064757,
    "cor": 5.361387984133718,
    "kur": 5.382171729933509,
    "lad": 5.302974731688512,
    "kir": 5.503172245506525,
    "lbe": 6.171418020308163,
    "fin": 5.263878152529581,
    "lez": 5.841126606574316,
    "lfn": 4.860618984298252,
    "lug": 5.221825473267294,
    "ltz": 5.432952450905482,
    "lij": 5.401619840843295,
    "ces": 5.611394228156483,
    "kat": 5.7946446825012226,
    "lin": 5.373406573103867,
    "kaz": 5.629414665562394,
    "lim": 5.158382248340468,
    "ltg": 5.435504171094907,
    "lao": 6.51244533451159,
    "mad": 5.2819940157794285,
    "lat": 5.358958061534,
    "mdf": 5.85003907244813,
    "mai": 5.907218169333721,
    "lmo": 5.386647658234857,
    "mhr": 5.402185517154289,
    "mri": 5.287013990049329,
    "lld": 5.0353393145550855,
    "cat": 5.3373162733927515,
    "mlg": 5.387268735848962,
    "mni": 6.2609432073877995,
    "mnw": 6.229432637570822,
    "mos": 5.304447128533264,
    "mrj": 6.160654696458389,
    "min": 5.220834455666563,
    "mon": 5.920607564583432,
    "mlt": 5.361252475802897,
    "mwl": 5.016249014159163,
    "myv": 5.742248934985826,
    "lav": 5.453999592165054,
    "hye": 6.164115918362489,
    "nap": 5.3820414359025746,
    "lit": 5.535274091991418,
    "mzn": 5.9632485053924515,
    "mar": 6.099030176159657,
    "nia": 5.156903224187332,
    "mal": 6.187124945907954,
    "nds": 5.375795254678597,
    "nov": 5.287046887678958,
    "nep": 6.099448523831105,
    "nqo": 5.046916615484647,
    "nrm": 5.412830032290661,
    "nbl": 4.997121032691042,
    "nso": 4.974466680103063,
    "nup": 5.163540435082945,
    "mya": 6.179409207116031,
    "nya": 5.290986999492627,
    "new": 5.973796412326425,
    "nav": 5.192481507427112,
    "olo": 5.384614070302426,
    "orm": 4.897571039058782,
    "oss": 5.066966067132793,
    "pag": 5.4429600267635,
    "heb": 5.632962741877197,
    "mkd": 5.853335128118612,
    "pap": 5.18018250733105,
    "pam": 5.413663999028994,
    "pcm": 5.1462720450065245,
    "ori": 6.124231810412391,
    "pdc": 5.348101260098324,
    "pcd": 5.331469583576537,
    "pli": 6.030116831817418,
    "pfl": 5.407285245133622,
    "pms": 5.12728115458194,
    "pnt": 6.071661112407742,
    "oci": 5.388597411099807,
    "nno": 5.3445869001207305,
    "pwn": 5.229479946100876,
    "pus": 5.84633467060558,
    "rki": 5.992962973462069,
    "hun": 5.55346699532109,
    "rmy": 5.481700689981769,
    "run": 5.126564480192747,
    "roh": 4.9497574921875,
    "rsk": 5.771390677520211,
    "pan": 6.161473395089833,
    "que": 5.5327106547071985,
    "rue": 6.0864897766810255,
    "kin": 5.227324876602352,
    "pnb": 5.967064689604057,
    "sah": 5.703815516649064,
    "sat": 5.904385343105752,
    "scn": 5.186423050852113,
    "san": 5.893777125571991,
    "srd": 5.114830958072394,
    "sme": 5.453466464982337,
    "sag": 5.600941825333312,
    "shi": 5.2648926448423845,
    "snd": 5.948338701052732,
    "sco": 5.285826979143757,
    "shn": 6.095809942664643,
    "msa": 5.218820232199394,
    "skr": 5.88092026419897,
    "ind": 5.342062215595937,
    "smn": 5.631103252383934,
    "smo": 5.049389717369009,
    "sna": 5.146026705964056,
    "som": 5.239167963949639,
    "sin": 6.082643190621772,
    "srn": 5.100796891579052,
    "sqi": 5.237077764703423,
    "ssw": 5.228632611739445,
    "stq": 5.341286115684602,
    "sot": 5.081023601620602,
    "sun": 5.286742705775932,
    "slv": 5.390917225391946,