{
    "deu": 20548495463.0,
    "Unknown": 1029061.1063966773,
    "ann": 736835.9771795318,
    "atj": 1233541.7363999982,
    "ady": 661722.7910896443,
    "arc": 533784.3394159443,
    "ami": 7915981.624843136,
    "anp": 5272946.2269063,
    "awa": 2831065.5958190337,
    "alt": 7644874.536344419,
    "aym": 10256434.31696919,
    "ang": 6136404.377201987,
    "bbc": 7780529.054781104,
    "ace": 9916855.174123002,
    "bdr": 301367.2671675702,
    "abk": 4684051.095192132,
    "ava": 10357339.789304601,
    "bew": 3704723.453029324,
    "bis": 419147.41257212905,
    "amh": 10263036.395143008,
    "blk": 13226694.628619513,
    "bjn": 18432486.589781992,
    "avk": 65646670.58723454,
    "bam": 762785.4253790997,
    "ary": 25061123.474426504,
    "bcl": 86439509.70380218,
    "btm": 2359913.9997151652,
    "bar": 77956006.4587634,
    "ban": 115326118.25676855,
    "bug": 5110783.756986779,
    "bxr": 8297383.152305264,
    "bpy": 33786587.207891546,
    "bod": 60008599.67720774,
    "chr": 538271.9355252782,
    "cha": 230439.48953718678,
    "chy": 151490.63515121225,
    "als": 163774792.31759632,
    "cdo": 7872820.124842342,
    "cos": 20179955.87136891,
    "cre": 28589.0807913275,
    "asm": 113888255.45348674,
    "csb": 3963707.3002468906,
    "chu": 875010.9586835005,
    "arg": 169758441.83686242,
    "crh": 42625165.13990782,
    "bre": 166026253.12711254,
    "dag": 117060715.44421686,
    "dga": 9237943.275189867,
    "din": 645907.2058981488,
    "chv": 119463187.04492107,
    "dsb": 6195282.142378317,
    "diq": 27256995.47161092,
    "dtp": 13657301.325318845,
    "dty": 8499955.87468964,
    "div": 9995557.115953514,
    "dzo": 4745558.749038132,
    "ewe": 2034975.6946313456,
    "bak": 306624945.9064296,
    "afr": 510469777.0028671,
    "ckb": 184790479.91213313,
    "ast": 851822135.2130957,
    "bos": 637156832.1090515,
    "ext": 10008165.610071704,
    "azb": 505104756.28710234,
    "fat": 4640853.57470338,
    "ful": 38972575.45841437,
    "aze": 822435047.2487448,
    "fij": 1208144.469908737,
    "fon": 3255530.71872062,
    "fao": 28604387.217528522,
    "frp": 7798583.011219667,
    "cym": 857265730.9166847,
    "frr": 27855757.412243098,
    "fur": 7015076.95042549,
    "fry": 258423925.41114947,
    "gag": 7366518.136394132,
    "est": 801907256.3662198,
    "gan": 1287995.980189728,
    "gcr": 2531801.5417873394,
    "bel": 842616149.5839819,
    "gla": 25301098.36441157,
    "glk": 44655512.33151493,
    "grn": 12457567.76114982,
    "gle": 112921640.20780154,
    "gom": 14360760.358502675,
    "got": 729469.3360505265,
    "gor": 20908868.582660716,
    "guc": 1406665.2362021997,
    "gur": 5374946.417893484,
    "dan": 1325326892.4243875,
    "gpe": 36080235.01531382,
    "guw": 2756486.599878803,
    "hak": 5231209.76780183,
    "glv": 20396394.59689778,
    "haw": 3276544.174174854,
    "guj": 91799794.43094747,
    "hif": 19211683.600422364,
    "epo": 1145295466.9668062,
    "hau": 383640816.9126915,
    "bul": 1197829292.4365165,
    "hsb": 25243506.22500765,
    "ben": 1107580484.2354207,
    "hat": 108077168.55250175,
    "eus": 1322796150.9480078,
    "ina": 26454411.049805064,
    "hyw": 54766594.28223643,
    "iba": 10557829.58665213,
    "ile": 10826284.590880642,
    "igl": 6528573.782710737,
    "che": 1856178197.1714466,
    "ipk": 239752.4592893713,
    "ilo": 47704537.703279145,
    "inh": 4971712.7246562075,
    "ido": 85320633.73157573,
    "ibo": 254376692.3655714,
    "glg": 1087846496.277961,
    "ell": 1522352092.0335402,
    "iku": 256210.66371420497,
    "jam": 1641545.5789233914,
    "jbo": 3298148.758590154,
    "isl": 169230960.67139128,
    "kaa": 35546192.16592428,
    "kab": 6707331.906630469,
    "hin": 570159587.1064473,
    "kbd": 3604590.4724209365,
    "kbp": 3554573.8604098596,
    "jav": 188894375.7439138,
    "kcg": 2765298.8880946767,
    "kon": 1273060.0072226084,
    "kge": 3613933.915234106,
    "kik": 1525682.3250857166,
    "kal": 472591.0198841947,
    "hrv": 930666626.3164957,
    "knc": 3070424.4150685393,
    "khm": 60911011.54915253,
    "koi": 5968836.027029606,
    "kan": 243390443.95280555,
    "arz": 1334648724.304681,
    "krc": 6477819.682789179,
    "ksh": 4031784.6293253903,
    "kus": 8274997.039528816,
    "kas": 9294046.068773922,
    "kom": 9960403.128516037,
    "cor": 8298829.231494844,
    "kur": 120192209.89822261,
    "lad": 8640285.020890865,
    "kir": 164721940.6512447,
    "lbe": 617427.799717005,
    "fin": 2851817475.099392,
    "lez": 15845577.578403726,
    "lfn": 13231319.81065236,
    "lug": 15345322.696180718,
    "ltz": 158156959.3647505,
    "lij": 24247867.396855097,
    "ces": 3460637862.610651,
    "kat": 624818133.3642768,
    "lin": 6016509.909017353,
    "kaz": 672486370.2274913,
    "lim": 44339696.31527474,
    "ltg": 1687890.8032112035,
    "lao": 12432691.277616035,
    "mad": 6647465.588442964,
    "lat": 303808963.87689215,
    "mdf": 24232616.491571326,
    "mai": 33509260.60800802,
    "lmo": 83603712.46450251,
    "mhr": 30502982.48369875,
    "mri": 10941746.786844578,
    "lld": 201392832.72597748,
    "cat": 4299084894.359097,
    "mlg": 148161632.17700192,
    "mni": 6471897.769428284,
    "mnw": 23034002.132446002,
    "mos": 7935897.742739543,
    "mrj": 6484061.53429928,
    "min": 329027985.4609853,
    "mon": 104501077.03887393,
    "mlt": 75052258.84079961,
    "mwl": 29114462.87330509,
    "myv": 18451057.412625562,
    "lav": 573618724.3463566,
    "hye": 1561019728.1382027,
    "nap": 16225169.726404643,
    "lit": 676416424.5761008,
    "mzn": 59595910.1210035,
    "mar": 230863118.7095674,
    "nia": 6126444.550830554,
    "mal": 386240283.64740855,
    "nds": 127414652.35831167,
    "nov": 3334184.935560032,
    "nep": 108151320.14713266,
    "nqo": 5630443.834725447,
    "nrm": 5487223.353021239,
    "nbl": 1259489.0872446434,
    "nso": 7558969.070536687,
    "nup": 532621.6900961786,
    "mya": 242722151.76170486,
    "nya": 3006319.6883799485,
    "new": 89977447.42192452,
    "nav": 27982299.017909728,
    "olo": 4861698.52994696,
    "orm": 6719575.676190599,
    "oss": 35191625.39410412,
    "pag": 4296095.462435395,
    "heb": 2218832998.126309,
    "mkd": 801519935.01312,
    "pap": 13277791.107484996,
    "pam": 26952628.90420442,
    "pcm": 4221148.367416281,
    "ori": 79212396.02908194,
    "pdc": 1554017.9445828267,
    "pcd": 17096288.442191985,
    "pli": 314403.1492590813,
    "pfl": 7020273.324101864,
    "pms": 75342624.75445965,
    "pnt": 711222.7468337138,
    "oci": 283112970.185062,
    "nno": 489603708.3833656,
    "pwn": 1294961.9337444918,
    "pus": 109488124.02823722,
    "rki": 7028753.518196847,
    "hun": 3414900456.4331856,
    "rmy": 902093.5536465426,
    "run": 754190.707855233,
    "roh": 25013071.300768696,
    "rsk": 4492463.954438034,
    "pan": 204446120.77457768,
    "que": 48487829.98525354,
    "rue": 16601009.939378059,
    "kin": 26386435.68202474,
    "pnb": 319871757.6494497,
    "sah": 39200744.14958002,
    "sat": 65899366.11600451,
    "scn": 23765418.86551873,
    "san": 38545077.87967711,
    "srd": 21420011.661114845,
    "sme": 6147598.295566911,
    "sag": 238806.2162000384,
    "shi": 30067037.98909699,
    "snd": 53280076.92520309,
    "sco": 128728188.77530448,
    "shn": 29183956.77137236,
    "msa": 1677619535.1425939,
    "skr": 78849626.90970974,
    "ind": 3466640551.235206,
    "smn": 24087107.34498127,
    "smo": 1864226.4799107297,
    "sna": 12506916.339826562,
    "som": 27691650.7849591,
    "sin": 125775299.01241001,
    "srn": 1159961.478572951,
    "sqi": 466646262.0055205,
    "ssw": 2334442.0580243967,
    "stq": 7848703.085306505,
    "sot": 3208837.1807644204,