{
    "deu": 0.5673514080745558,
    "Unknown": 0.4491725768321513,
    "ann": 0.7593688362919132,
    "atj": 0.44925634295713035,
    "ady": 0.3675623800383877,
    "arc": 0.1052492046659597,
    "ami": 0.8545274616526473,
    "anp": 0.49928469241773965,
    "awa": 0.23072983354673496,
    "alt": 0.7984905660377358,
    "aym": 0.7188916876574307,
    "ang": 0.3428957488826525,
    "bbc": 0.7605321507760532,
    "ace": 0.5337774189207375,
    "bdr": 0.25299401197604793,
    "abk": 0.16658554392796301,
    "ava": 0.421835389555518,
    "bew": 0.573554949144133,
    "bis": 0.21485836451095672,
    "amh": 0.1999041436103002,
    "blk": 0.8454496499730748,
    "bjn": 0.8511522182160213,
    "avk": 0.8908863426840511,
    "bam": 0.25440806045340053,
    "ary": 0.3340217978456357,
    "bcl": 0.5936046511627907,
    "btm": 0.7075983717774763,
    "bar": 0.5515807552371698,
    "ban": 0.8844901933509528,
    "bug": 0.24963325183374083,
    "bxr": 0.4850148707389613,
    "bpy": 0.9134974762069895,
    "bod": 0.46675007819831094,
    "chr": 0.21235324144971923,
    "cha": 0.2797101449275362,
    "chy": 0.17130620985010706,
    "als": 0.8129507891304927,
    "cdo": 0.3405770539875373,
    "cos": 0.5269548324429335,
    "cre": 0.043731778425655975,
    "asm": 0.4772804670396497,
    "csb": 0.4597461031656757,
    "chu": 0.2789980732177264,
    "arg": 0.5853687427447821,
    "crh": 0.6863257502819575,
    "bre": 0.5709946848899012,
    "dag": 0.7090596768036646,
    "dga": 0.8275159976730657,
    "din": 0.7352941176470589,
    "chv": 0.799467586290347,
    "dsb": 0.7498798654493032,
    "diq": 0.46687412812533535,
    "dtp": 0.9351323300467047,
    "dty": 0.5946267237280076,
    "div": 0.5750769788081869,
    "dzo": 0.6095800524934383,
    "ewe": 0.4378698224852071,
    "bak": 0.734828234250429,
    "afr": 0.7844752846176726,
    "ckb": 0.5058702571119695,
    "ast": 0.8157209210882013,
    "bos": 0.432957763793079,
    "ext": 0.5260730755587087,
    "azb": 0.8537801395418388,
    "fat": 0.7726541554959786,
    "ful": 0.8285994998213648,
    "aze": 0.5664463360121736,
    "fij": 0.4029175050301811,
    "fon": 0.6449858088930936,
    "fao": 0.5239794098160134,
    "frp": 0.40169877770872175,
    "cym": 0.8137105039679053,
    "frr": 0.47306869635267645,
    "fur": 0.442111402741324,
    "fry": 0.5506429077655158,
    "gag": 0.6551523947750363,
    "est": 0.5282292962466333,
    "gan": 0.06530194472876151,
    "gcr": 0.8607128226136829,
    "bel": 0.4229876532519629,
    "gla": 0.4589134261481837,
    "glk": 0.7902031663799269,
    "grn": 0.43524756710512247,
    "gle": 0.5399041853901289,
    "gom": 0.8133532423208191,
    "got": 0.21052631578947367,
    "gor": 0.9728988649406963,
    "guc": 0.6401551891367604,
    "gur": 0.6985835694050991,
    "dan": 0.5940213589140301,
    "gpe": 0.9817058683772868,
    "guw": 0.786038592508513,
    "hak": 0.29836407935955445,
    "glv": 0.6524984449512752,
    "haw": 0.37254901960784315,
    "guj": 0.8310294496436851,
    "hif": 0.5349827472285441,
    "epo": 0.5933472532219742,
    "hau": 0.8578271478104533,
    "bul": 0.6439198611740122,
    "hsb": 0.6456130043086565,
    "ben": 0.4107548515375206,
    "hat": 0.7817209219587812,
    "eus": 0.6710574519876581,
    "ina": 0.23328986904019502,
    "hyw": 0.7976131277971159,
    "iba": 0.8878023674729799,
    "ile": 0.4444763889887156,
    "igl": 0.9359095193213949,
    "che": 0.9772378086512982,
    "ipk": 0.13119533527696792,
    "ilo": 0.5119003893337252,
    "inh": 0.30115896903649886,
    "ido": 0.6686211824329301,
    "ibo": 0.9046198285855457,
    "glg": 0.6668005122636028,
    "ell": 0.6692995810113124,
    "iku": 0.1265527950310559,
    "jam": 0.42656449553001274,
    "jbo": 0.3386206896551724,
    "isl": 0.5485817367504354,
    "kaa": 0.8200439560439561,
    "kab": 0.3647006847802076,
    "hin": 0.6048562912941078,
    "kbd": 0.731212540341171,
    "kbp": 0.6737170596393898,
    "jav": 0.6905866247113872,
    "kcg": 0.5155440414507773,
    "kon": 0.32328225407810185,
    "kge": 0.206514657980456,
    "kik": 0.30957784838856106,
    "kal": 0.6923076923076923,
    "hrv": 0.7155694608615132,
    "knc": 0.6485592820028342,
    "khm": 0.630129190142849,
    "koi": 0.4268107698141828,
    "kan": 0.7366202551512298,
    "arz": 0.5640388674997947,
    "krc": 0.31446678321678323,
    "ksh": 0.5279647249941982,
    "kus": 0.852670349907919,
    "kas": 0.4892685976245051,
    "kom": 0.4639783044452305,
    "cor": 0.5760584274791738,
    "kur": 0.7000201664167784,
    "lad": 0.6429305032523108,
    "kir": 0.8111451316595224,
    "lbe": 0.2054026503567788,
    "fin": 0.6321212676808257,
    "lez": 0.5850384678343428,
    "lfn": 0.7525270758122744,
    "lug": 0.6029055690072639,
    "ltz": 0.7385331752685675,
    "lij": 0.6028124551585593,
    "ces": 0.5958388380087145,
    "kat": 0.7499362331655557,
    "lin": 0.4226352372317921,
    "kaz": 0.7951430582584572,
    "lim": 0.2531360737065911,
    "ltg": 0.6763609246830723,
    "lao": 0.45057471264367815,
    "mad": 0.6692392502756339,
    "lat": 0.6547067994929159,
    "mdf": 0.5906371365592527,
    "mai": 0.753117810872987,
    "lmo": 0.675487896181682,
    "mhr": 0.4918212890625,
    "mri": 0.7391711786755518,
    "lld": 0.8885224058278088,
    "cat": 0.5907559140943538,
    "mlg": 0.5531066102313549,
    "mni": 0.24756765595617694,
    "mnw": 0.8292931870375095,
    "mos": 0.8542970973249858,
    "mrj": 0.3165909272103962,
    "min": 0.9640485196073844,
    "mon": 0.7344056809317588,
    "mlt": 0.741479295960932,
    "mwl": 0.7514325232167556,
    "myv": 0.678209634070705,
    "lav": 0.4223264311413185,
    "hye": 0.4220700413686856,
    "nap": 0.6628986924110962,
    "lit": 0.6299556471431194,
    "mzn": 0.6293237284977954,
    "mar": 0.4398653323382163,
    "nia": 0.7325479930191972,
    "mal": 0.4347561162940737,
    "nds": 0.4357133907315589,
    "nov": 0.6495648190563444,
    "nep": 0.658211594834896,
    "nqo": 0.6810154525386314,
    "nrm": 0.49309978768577495,
    "nbl": 0.8536585365853658,
    "nso": 0.6449659348978047,
    "nup": 0.7388235294117647,
    "mya": 0.8482322784504023,
    "nya": 0.5598824393828068,
    "new": 0.5327422616270027,
    "nav": 0.8885860852837448,
    "olo": 0.6522619851451722,
    "orm": 0.6260162601626016,
    "oss": 0.4160286611700039,
    "pag": 0.45458333333333334,
    "heb": 0.5839255550049789,
    "mkd": 0.6989920938392148,
    "pap": 0.7664513876767324,
    "pam": 0.6780178837555887,
    "pcm": 0.8152289669861554,
    "ori": 0.4799282350302759,
    "pdc": 0.37170830519918974,
    "pcd": 0.699837682607067,
    "pli": 0.0281413612565445,
    "pfl": 0.6787012357644778,
    "pms": 0.8759529322554874,
    "pnt": 0.5980707395498392,
    "oci": 0.6321562103385586,
    "nno": 0.6103535928512506,
    "pwn": 0.8312236286919831,
    "pus": 0.6017756309953058,
    "rki": 0.871525633106856,
    "hun": 0.6584631982144713,
    "rmy": 0.368692070030896,
    "run": 0.3701707097933513,
    "roh": 0.6083174199023976,
    "rsk": 0.937636761487965,
    "pan": 0.7168490610389949,
    "que": 0.4121473128066242,
    "rue": 0.4772277227722772,
    "kin": 0.7729697688203913,
    "pnb": 0.7217110468077728,
    "sah": 0.5466782081800476,
    "sat": 0.8668303160478674,
    "scn": 0.3054667019408836,
    "san": 0.422794424505467,
    "srd": 0.6397044138206511,
    "sme": 0.3839340885684861,
    "sag": 0.2625,
    "shi": 0.8795644891122278,
    "snd": 0.5539041786474477,
    "sco": 0.6779773372278499,
    "shn": 0.8758210434998142,
    "msa": 0.7773735023482243,
    "skr": 0.9072101597705858,
    "ind": 0.5221820552841964,
    "smn": 0.7738575706288243,
    "smo": 0.3418181818181818,
    "sna": 0.5209732467246504,
    "som": 0.5379867744305658,
    "sin": 0.5194072938045513,
    "srn": 0.6309963099630996,
    "sqi": 0.6131767115753005,
    "ssw": 0.7656458055925432,
    "stq": 0.4945022723940771,
    "sot": 0.5756345177664974,
    "sun": 0.8025870337978898,
    "slv": 0.6314930479269326,
    "slk": 0.6684718784307608,